Date,Tax Effect Of Unusual Items,Tax Rate For Calcs,Normalized EBITDA,Net Income From Continuing Operation Net Minority Interest,Reconciled Depreciation,Reconciled Cost Of Revenue,EBITDA,EBIT,Net Interest Income,Interest Expense,Interest Income,Normalized Income,Net Income From Continuing And Discontinued Operation,Total Expenses,Total Operating Income As Reported,Diluted Average Shares,Basic Average Shares,Diluted EPS,Basic EPS,Diluted NI Availto Com Stockholders,Net Income Common Stockholders,Otherunder Preferred Stock Dividend,Net Income,Minority Interests,Net Income Including Noncontrolling Interests,Net Income Discontinuous Operations,Net Income Continuous Operations,Tax Provision,Pretax Income,Net Non Operating Interest Income Expense,Interest Expense Non Operating,Interest Income Non Operating,Operating Income,Operating Expense,Other Operating Expenses,Selling General And Administration,Selling And Marketing Expense,Gross Profit,Cost Of Revenue,Total Revenue,Operating Revenue,Ticker,Other Non Operating Income Expenses,Total Other Finance Cost,Research And Development,General And Administrative Expense,Total Unusual Items,Total Unusual Items Excluding Goodwill,Average Dilution Earnings,Other Income Expense,Special Income Charges,Other Special Charges,Restructuring And Mergern Acquisition,Depreciation And Amortization In Income Statement,Amortization,Net Policyholder Benefits And Claims,Depreciation Income Statement,Impairment Of Capital Assets,Gain On Sale Of Security,Other Gand A,Salaries And Wages,Other Non Interest Expense,Write Off,Gain On Sale Of Ppe,Gain On Sale Of Business,Earnings From Equity Interest,Preferred Stock Dividends
2025-09-30,0.0,0.259,1024000000.0,458000000.0,276000000.0,3195000000.0,1024000000.0,748000000.0,-86000000.0,98000000.0,12000000.0,458000000.0,461000000.0,5894000000.0,736000000.0,,,,,461000000.0,461000000.0,0.0,461000000.0,-23000000.0,485000000.0,3000000.0,482000000.0,169000000.0,650000000.0,-86000000.0,98000000.0,12000000.0,736000000.0,2699000000.0,1943000000.0,798000000.0,798000000.0,3435000000.0,3195000000.0,6630000000.0,6630000000.0,ADS.DE,,,,,,,,,,,,,,,,,,,,,,,,,
2025-06-30,0.0,0.233,833000000.0,363000000.0,278000000.0,2875000000.0,833000000.0,555000000.0,-58000000.0,67000000.0,9000000.0,363000000.0,369000000.0,5405000000.0,546000000.0,178260870.0,178260870.0,2.07,2.07,369000000.0,369000000.0,0.0,369000000.0,-11000000.0,381000000.0,6000000.0,375000000.0,114000000.0,488000000.0,-58000000.0,67000000.0,9000000.0,547000000.0,2530000000.0,1837000000.0,712000000.0,712000000.0,3077000000.0,2875000000.0,5952000000.0,5952000000.0,ADS.DE,,,,,,,,,,,,,,,,,,,,,,,,,
2025-03-31,0.0,0.254,926000000.0,435000000.0,282000000.0,2948000000.0,926000000.0,644000000.0,-25000000.0,59000000.0,34000000.0,435000000.0,428000000.0,5544000000.0,610000000.0,178333333.0,178333333.0,2.4,2.4,428000000.0,428000000.0,0.0,428000000.0,-1000000.0,429000000.0,-7000000.0,436000000.0,149000000.0,585000000.0,-25000000.0,59000000.0,34000000.0,609000000.0,2596000000.0,1870000000.0,746000000.0,746000000.0,3205000000.0,2948000000.0,6153000000.0,6153000000.0,ADS.DE,,,,,,,,,,,,,,,,,,,,,,,,,
2024-12-31,0.0,0.068966,292000000.0,-46000000.0,301000000.0,2996000000.0,292000000.0,-9000000.0,8000000.0,20000000.0,-14000000.0,-46000000.0,-39000000.0,5954000000.0,57000000.0,,,,,-39000000.0,-39000000.0,0.0,-39000000.0,-20000000.0,-19000000.0,7000000.0,-27000000.0,-2000000.0,-29000000.0,8000000.0,20000000.0,-14000000.0,11000000.0,2958000000.0,-5946000000.0,8828000000.0,6690000000.0,2969000000.0,2996000000.0,5965000000.0,5965000000.0,ADS.DE,,,,,,,,,,,,,,,,,,,,,,,,,
2024-09-30,0.0,0.221,936000000.0,436000000.0,310000000.0,3137000000.0,936000000.0,626000000.0,4000000.0,25000000.0,29000000.0,436000000.0,443000000.0,5842000000.0,598000000.0,178629032.0,178629032.0,2.48,2.48,443000000.0,443000000.0,0.0,443000000.0,-33000000.0,476000000.0,7000000.0,469000000.0,133000000.0,601000000.0,4000000.0,25000000.0,29000000.0,596000000.0,2705000000.0,2114000000.0,724000000.0,724000000.0,3301000000.0,3137000000.0,6438000000.0,6438000000.0,ADS.DE,,,,,,,,,,,,,,,,,,,,,,,,,
2024-06-30,,,,,,,,,,,,,,,,179245283.0,179245283.0,1.06,1.06,,,,,,,,,,,,,,,,,,,,,,,ADS.DE,,,,,,,,,,,,,,,,,,,,,,,,,
2024-03-31,,,,,,,,,,,,,,,,178947368.0,178947368.0,0.95,0.95,,,,,,,,,,,,,,,,,,,,,,,ADS.DE,,,,,,,,,,,,,,,,,,,,,,,,,
2025-09-30,0.0,0.335172,2466000000.0,1116000000.0,653000000.0,14899000000.0,2466000000.0,1813000000.0,-116000000.0,181000000.0,157000000.0,1116000000.0,1116000000.0,16187000000.0,,,,,,1116000000.0,1116000000.0,0.0,1116000000.0,31000000.0,1085000000.0,,1085000000.0,547000000.0,1632000000.0,-116000000.0,181000000.0,157000000.0,1639000000.0,1288000000.0,,549000000.0,191000000.0,2927000000.0,14899000000.0,17826000000.0,17826000000.0,AIR.DE,25000000.0,92000000.0,739000000.0,358000000.0,,,,,,,,,,,,,,,,,,,,,
2025-06-30,0.0,0.30997,1843000000.0,732000000.0,636000000.0,13696000000.0,1843000000.0,1207000000.0,-131000000.0,194000000.0,171000000.0,732000000.0,732000000.0,15067000000.0,,787096774.0,787096774.0,0.93,0.93,732000000.0,732000000.0,0.0,732000000.0,33000000.0,699000000.0,,699000000.0,314000000.0,1013000000.0,-131000000.0,194000000.0,171000000.0,1001000000.0,1371000000.0,,638000000.0,209000000.0,2372000000.0,13696000000.0,16068000000.0,16068000000.0,AIR.DE,26000000.0,108000000.0,733000000.0,429000000.0,,,,,,,,,,,,,,,,,,,,,
2025-03-31,0.0,0.319,1909000000.0,793000000.0,626000000.0,11664000000.0,1909000000.0,1283000000.0,621000000.0,189000000.0,209000000.0,793000000.0,793000000.0,13002000000.0,,788579719.0,787433498.0,1.01,1.01,793000000.0,793000000.0,0.0,793000000.0,48000000.0,745000000.0,,745000000.0,349000000.0,1094000000.0,621000000.0,189000000.0,209000000.0,540000000.0,1338000000.0,,665000000.0,219000000.0,1878000000.0,11664000000.0,13542000000.0,13542000000.0,AIR.DE,-88000000.0,-601000000.0,673000000.0,446000000.0,,,,,,,,,,,,,,,,,,,,,
2024-12-31,0.0,0.148567,4076000000.0,2424000000.0,989000000.0,20681000000.0,4076000000.0,3087000000.0,131000000.0,260000000.0,221000000.0,2424000000.0,2424000000.0,22255000000.0,,,,,,2424000000.0,2424000000.0,0.0,2424000000.0,17000000.0,2407000000.0,,2407000000.0,420000000.0,2827000000.0,131000000.0,260000000.0,221000000.0,2461000000.0,1574000000.0,,675000000.0,214000000.0,4035000000.0,20681000000.0,24716000000.0,24716000000.0,AIR.DE,-25000000.0,-170000000.0,899000000.0,461000000.0,,,,,,,,,,,,,,,,,,,,,
2024-09-30,0.0,0.2496,2027000000.0,983000000.0,565000000.0,13222000000.0,2027000000.0,1462000000.0,16000000.0,212000000.0,183000000.0,983000000.0,983000000.0,14582000000.0,,792741935.0,792741935.0,1.24,1.24,983000000.0,983000000.0,0.0,983000000.0,45000000.0,938000000.0,,938000000.0,312000000.0,1250000000.0,16000000.0,212000000.0,183000000.0,1107000000.0,1360000000.0,,602000000.0,203000000.0,2467000000.0,13222000000.0,15689000000.0,15689000000.0,AIR.DE,31000000.0,-45000000.0,758000000.0,399000000.0,,,,,,,,,,,,,,,,,,,,,
2024-06-30,,,,,,,,,,,,,,,,793103448.0,793103448.0,0.29,0.29,,,,,,,,,,,,,,,,,,,,,,,AIR.DE,,,,,,,,,,,,,,,,,,,,,,,,,
2024-03-31,,,,,,,,,,,,,,,,789261356.0,788076898.0,0.75,0.76,,,,,,,,,,,,,,,,,,,,,,,AIR.DE,,,,,,,,,,,,,,,,,,,,,,,,,
2025-09-30,-35942028.985507,0.247876,,2847000000.0,66000000.0,,,4188000000.0,-186000000.0,186000000.0,,2956057971.014493,2847000000.0,35779000000.0,,381442531.0,381391281.0,7.4,7.4,2821000000.0,2822000000.0,25000000.0,2847000000.0,-163000000.0,3010000000.0,,3010000000.0,992000000.0,4002000000.0,-186000000.0,186000000.0,,,,1725000000.0,,,,,39782000000.0,39782000000.0,ALV.DE,,,,,-145000000.0,-145000000.0,-1000000.0,0.0,-145000000.0,0.0,145000000.0,66000000.0,66000000.0,15994000000.0,,,,,,,,,,,
2025-06-30,-42810336.421258,0.264261,,2841000000.0,77000000.0,,,,,,,2960189663.578742,2841000000.0,28988000000.0,,,,,,2701000000.0,2702000000.0,,2841000000.0,-177000000.0,3018000000.0,,3018000000.0,1084000000.0,4102000000.0,,,,,,-1579000000.0,,,,,33090000000.0,33090000000.0,ALV.DE,,,,,-162000000.0,-162000000.0,-1000000.0,-7330000000.0,-162000000.0,0.0,162000000.0,77000000.0,77000000.0,-1192000000.0,,,,,,,,,,,
2025-03-31,-39453164.556962,0.27398,,2423000000.0,68000000.0,,,3745000000.0,-190000000.0,190000000.0,,2527546835.443038,2423000000.0,23368000000.0,,385997442.0,385901408.0,6.27,6.28,2422000000.0,2423000000.0,,2423000000.0,-158000000.0,2581000000.0,,2581000000.0,974000000.0,3555000000.0,-190000000.0,190000000.0,,,,1731000000.0,,,,,26925000000.0,26925000000.0,ALV.DE,,,,,-144000000.0,-144000000.0,-1000000.0,153000000.0,-144000000.0,0.0,144000000.0,68000000.0,68000000.0,15542000000.0,,,,,,,,,,,
2024-12-31,-63500000.0,0.25,,2472000000.0,74000000.0,,,3722000000.0,-204000000.0,204000000.0,,2662500000.0,2472000000.0,32411000000.0,,387807471.0,385853086.0,6.4,6.41,2482000000.0,2472000000.0,,2472000000.0,-163000000.0,2635000000.0,,2635000000.0,883000000.0,3518000000.0,-204000000.0,204000000.0,,,,1857000000.0,,,,,35929000000.0,35929000000.0,ALV.DE,,,,,-254000000.0,-254000000.0,9000000.0,86000000.0,-254000000.0,0.0,254000000.0,74000000.0,74000000.0,16864000000.0,,,,,,,,,,,
2024-09-30,-52206759.44334,0.258449,,2471000000.0,73000000.0,,,3713000000.0,-192000000.0,192000000.0,,2620793240.55666,2471000000.0,31862000000.0,,387392324.0,387329274.0,6.38,6.38,2470000000.0,2471000000.0,,2471000000.0,-141000000.0,2611000000.0,,2611000000.0,910000000.0,3521000000.0,-192000000.0,192000000.0,,,,1431000000.0,,,,,35384000000.0,35384000000.0,ALV.DE,,,,,-202000000.0,-202000000.0,-1000000.0,294000000.0,-202000000.0,0.0,202000000.0,73000000.0,73000000.0,15464000000.0,,,,,,,,,,,
2024-03-31,,,,,,,,3676000000.0,-183000000.0,183000000.0,,,,,,391585898.0,391366716.0,6.31,6.32,,,,,,,,,,,-183000000.0,183000000.0,,,,,,,,,,,ALV.DE,,,,,,,,,,,,,,,,,,,,,,,,,
2025-06-30,0.0,0.15,1520000000.0,79000000.0,982000000.0,11591000000.0,1520000000.0,538000000.0,-105000000.0,222000000.0,75000000.0,79000000.0,79000000.0,15258000000.0,494000000.0,892522000.0,892522000.0,0.09,0.09,79000000.0,79000000.0,0.0,79000000.0,-29000000.0,108000000.0,,108000000.0,209000000.0,316000000.0,-105000000.0,222000000.0,75000000.0,512000000.0,3667000000.0,892000000.0,2583000000.0,2221000000.0,4179000000.0,11591000000.0,15769000000.0,15769000000.0,BAS.DE,,-42000000.0,501000000.0,362000000.0,,,,,,,,,,,,,,,,,,,,,
2025-03-31,0.0,0.2,2246000000.0,808000000.0,981000000.0,12548000000.0,2246000000.0,1265000000.0,-99000000.0,218000000.0,90000000.0,808000000.0,808000000.0,15910000000.0,1197000000.0,892522000.0,892522000.0,0.91,0.91,808000000.0,808000000.0,0.0,808000000.0,-29000000.0,837000000.0,,837000000.0,210000000.0,1047000000.0,-99000000.0,218000000.0,90000000.0,1491000000.0,3362000000.0,658000000.0,2516000000.0,2145000000.0,4853000000.0,12548000000.0,17402000000.0,17402000000.0,BAS.DE,,-29000000.0,499000000.0,371000000.0,,,,,,,,,,,,,,,,,,,,,
2024-12-31,0.0,0.15,1298000000.0,-786000000.0,1609000000.0,11738000000.0,1298000000.0,-311000000.0,-162000000.0,360000000.0,328000000.0,-786000000.0,-786000000.0,14854000000.0,-422000000.0,,,,,-786000000.0,-786000000.0,0.0,-786000000.0,-16000000.0,-770000000.0,,-770000000.0,99000000.0,-671000000.0,-162000000.0,360000000.0,328000000.0,1002000000.0,3116000000.0,-750000000.0,2608000000.0,2235000000.0,4118000000.0,11738000000.0,15857000000.0,15857000000.0,BAS.DE,,130000000.0,541000000.0,373000000.0,,,,,,,,,,,,,,,,,,,,,
2024-09-30,0.0,0.399,1833000000.0,287000000.0,1027000000.0,11912000000.0,1833000000.0,806000000.0,-107000000.0,236000000.0,80000000.0,287000000.0,287000000.0,15517000000.0,250000000.0,892522000.0,892522000.0,0.32,0.32,287000000.0,287000000.0,0.0,287000000.0,-56000000.0,343000000.0,,343000000.0,227000000.0,570000000.0,-107000000.0,236000000.0,80000000.0,222000000.0,3605000000.0,885000000.0,2519000000.0,2172000000.0,3827000000.0,11912000000.0,15739000000.0,15739000000.0,BAS.DE,,-49000000.0,506000000.0,347000000.0,,,,,,,,,,,,,,,,,,,,,
2024-06-30,0.0,0.15,1684000000.0,430000000.0,1047000000.0,11920000000.0,1684000000.0,637000000.0,-158000000.0,239000000.0,91000000.0,430000000.0,430000000.0,15637000000.0,516000000.0,892522000.0,892522000.0,0.48,0.48,430000000.0,430000000.0,0.0,430000000.0,-40000000.0,470000000.0,,470000000.0,-72000000.0,398000000.0,-158000000.0,239000000.0,91000000.0,474000000.0,3717000000.0,956000000.0,2627000000.0,2253000000.0,4191000000.0,11920000000.0,16111000000.0,16111000000.0,BAS.DE,,10000000.0,524000000.0,374000000.0,,,,,,,,,,,,,,,,,,,,,
2024-03-31,,,,,,,,,,,,,,,,892522000.0,892522000.0,1.53,1.53,,,,,,,,,,,,,,,,,,,,,,,BAS.DE,,,,,,,,,,,,,,,,,,,,,,,,,
2025-09-30,0.0,0.173988,606000000.0,-963000000.0,1005000000.0,4307000000.0,606000000.0,-399000000.0,-632000000.0,762000000.0,130000000.0,-963000000.0,-963000000.0,10203000000.0,,982420000.0,982420000.0,-0.98,-0.98,-963000000.0,-963000000.0,0.0,-963000000.0,-4000000.0,-959000000.0,,-959000000.0,-202000000.0,-1161000000.0,-632000000.0,762000000.0,130000000.0,-543000000.0,5896000000.0,1309000000.0,3405000000.0,2923000000.0,5353000000.0,4307000000.0,9660000000.0,9660000000.0,BAYN.DE,,,1498000000.0,482000000.0,,,,,,,,,,,,,,,,,,,,,
2025-06-30,0.0,0.15,236000000.0,-199000000.0,272000000.0,4364000000.0,236000000.0,-36000000.0,-401000000.0,390000000.0,,-199000000.0,-199000000.0,10726000000.0,,982420000.0,982420000.0,-0.2,-0.2,-199000000.0,-199000000.0,0.0,-199000000.0,-9000000.0,-190000000.0,,-190000000.0,-236000000.0,-426000000.0,-401000000.0,390000000.0,,13000000.0,6362000000.0,2111000000.0,3545000000.0,3032000000.0,6375000000.0,4364000000.0,10739000000.0,10739000000.0,BAYN.DE,,11000000.0,1408000000.0,513000000.0,,,,,,,,,,,,,,,,,,,,,
2025-03-31,0.0,0.287432,3477000000.0,1299000000.0,1174000000.0,5625000000.0,3477000000.0,2303000000.0,-510000000.0,473000000.0,92000000.0,1299000000.0,1299000000.0,11414000000.0,,982420000.0,982420000.0,1.32,1.32,1299000000.0,1299000000.0,0.0,1299000000.0,-5000000.0,1304000000.0,,1304000000.0,526000000.0,1830000000.0,-510000000.0,473000000.0,92000000.0,2324000000.0,5789000000.0,829000000.0,3707000000.0,3159000000.0,8113000000.0,5625000000.0,13738000000.0,13738000000.0,BAYN.DE,,37000000.0,1458000000.0,548000000.0,,,,,,,,,,,,,,,,,,,,,
2024-12-31,0.0,0.318087,1671000000.0,-335000000.0,1767000000.0,5723000000.0,1671000000.0,-96000000.0,-331000000.0,385000000.0,114000000.0,-335000000.0,-335000000.0,8197000000.0,,,,,,-335000000.0,-335000000.0,0.0,-335000000.0,-7000000.0,-328000000.0,,-328000000.0,-153000000.0,-481000000.0,-331000000.0,385000000.0,114000000.0,3532000000.0,2474000000.0,-3860000000.0,4335000000.0,3599000000.0,6006000000.0,5723000000.0,11729000000.0,11729000000.0,BAYN.DE,,,1725000000.0,736000000.0,,,,,,,,,,,,,,,,,,,,,
2024-09-30,0.0,0.035197,1056000000.0,-4183000000.0,4761000000.0,5090000000.0,1056000000.0,-3705000000.0,-492000000.0,642000000.0,150000000.0,-4183000000.0,-4183000000.0,13790000000.0,,982420000.0,982420000.0,-4.26,-4.26,-4183000000.0,-4183000000.0,0.0,-4183000000.0,11000000.0,-4194000000.0,,-4194000000.0,-153000000.0,-4347000000.0,-492000000.0,642000000.0,150000000.0,-3822000000.0,8700000000.0,3743000000.0,3725000000.0,3158000000.0,4878000000.0,5090000000.0,9968000000.0,9968000000.0,BAYN.DE,,,1559000000.0,567000000.0,,,,,,,,,,,,,,,,,,,,,
2024-06-30,,,,,,,,,,,95000000.0,,,,,982420000.0,982420000.0,-0.03,-0.03,,,,,,,,,,,,,95000000.0,,,,,,,,,,BAYN.DE,,17000000.0,,,,,,,,,,,,,,,,,,,,,,,
2024-03-31,,,,,,,,,,,,,,,,,,,,,,,,,,,,,,,,,,,,,,,,,,BAYN.DE,,55000000.0,,,,,,,,,,,,,,,,,,,,,,,
2025-06-30,12403978.576894,0.295333,4867000000.0,1752000000.0,2136000000.0,28352000000.0,4909000000.0,2773000000.0,-92000000.0,159000000.0,144000000.0,1722403978.576894,1752000000.0,31266000000.0,,614736842.0,614736842.0,2.85,2.85,1752000000.0,1752000000.0,0.0,1752000000.0,-90000000.0,1842000000.0,,1842000000.0,772000000.0,2614000000.0,-92000000.0,159000000.0,144000000.0,2661000000.0,2914000000.0,904000000.0,2700000000.0,1417000000.0,5575000000.0,28352000000.0,33927000000.0,33927000000.0,BMW.DE,,77000000.0,,1283000000.0,42000000.0,42000000.0,,,,,,,,,,,,,,,,,,,
2025-03-31,0.0,0.30196,5412000000.0,2097000000.0,2156000000.0,28257000000.0,5412000000.0,3256000000.0,-26000000.0,143000000.0,131000000.0,2097000000.0,2097000000.0,30616000000.0,,620414201.0,620414201.0,3.38,3.38,2097000000.0,2097000000.0,0.0,2097000000.0,-76000000.0,2173000000.0,,2173000000.0,940000000.0,3113000000.0,-26000000.0,143000000.0,131000000.0,3142000000.0,2359000000.0,274000000.0,2389000000.0,,5501000000.0,28257000000.0,33758000000.0,33758000000.0,BMW.DE,,14000000.0,,2389000000.0,,,,,,,,,,,,,,,,,,,,,
2024-12-31,0.0,0.267299,4400000000.0,1497000000.0,2155000000.0,30990000000.0,4400000000.0,2245000000.0,828000000.0,135000000.0,173000000.0,1497000000.0,1497000000.0,34649000000.0,,,,,,836600000.0,836600000.0,0.0,1497000000.0,-49000000.0,1546000000.0,,1546000000.0,564000000.0,2110000000.0,828000000.0,135000000.0,173000000.0,1767000000.0,3659000000.0,-181000000.0,3343000000.0,,5426000000.0,30990000000.0,36416000000.0,36416000000.0,BMW.DE,,,,-2792000000.0,,,,,,,,,,,,,,,,,,,,,
2024-09-30,0.0,0.15,3149000000.0,389000000.0,2127000000.0,28160000000.0,3149000000.0,1022000000.0,-868000000.0,184000000.0,155000000.0,389000000.0,389000000.0,30710000000.0,,607812500.0,607812500.0,0.64,0.64,389000000.0,389000000.0,0.0,389000000.0,-87000000.0,476000000.0,,476000000.0,362000000.0,838000000.0,-868000000.0,184000000.0,155000000.0,1696000000.0,2550000000.0,199000000.0,2666000000.0,,4246000000.0,28160000000.0,32406000000.0,32406000000.0,BMW.DE,,839000000.0,,2666000000.0,,,,,,,,,,,,,,,,,,,,,
2024-06-30,-8982128.982129,0.299404,6166000000.0,2613000000.0,2172000000.0,30285000000.0,6136000000.0,3964000000.0,17000000.0,103000000.0,165000000.0,2634017871.017871,2613000000.0,33067000000.0,,629638554.0,629638554.0,4.15,4.15,2613000000.0,2613000000.0,0.0,2613000000.0,-92000000.0,2705000000.0,,2705000000.0,1156000000.0,3861000000.0,17000000.0,103000000.0,165000000.0,3877000000.0,2782000000.0,283000000.0,2772000000.0,1479000000.0,6659000000.0,30285000000.0,36944000000.0,36944000000.0,BMW.DE,,45000000.0,,1293000000.0,-30000000.0,-30000000.0,,,,,,,,,,,,,,,,,,,
2024-03-31,,,,,,,,,,,,,,,,631447964.0,631447964.0,4.42,4.42,,,,,,,,,,,,,,,,,,,,,,,BMW.DE,,-124000000.0,,,,,,,,,,,,,,,,,,,,,,,
2025-09-30,-4950000.0,0.15,73000000.0,-947000000.0,720000000.0,3626000000.0,40000000.0,-680000000.0,-73000000.0,93000000.0,20000000.0,-918950000.0,-756000000.0,4492000000.0,,200000000.0,200000000.0,-3.78,-3.78,-756000000.0,-756000000.0,0.0,-756000000.0,-6000000.0,-750000000.0,191000000.0,-940000000.0,167000000.0,-773000000.0,-73000000.0,93000000.0,20000000.0,458000000.0,866000000.0,,722000000.0,453000000.0,1324000000.0,3626000000.0,4950000000.0,4950000000.0,CON.DE,-1155000000.0,,144000000.0,269000000.0,-33000000.0,-33000000.0,,,,,,,,,,,,,,,,,,,
2025-06-30,1650000.0,0.15,607000000.0,285000000.0,272000000.0,3617000000.0,618000000.0,346000000.0,-70000000.0,84000000.0,14000000.0,275650000.0,506000000.0,4499000000.0,,200000000.0,200000000.0,2.53,2.53,506000000.0,506000000.0,0.0,506000000.0,-16000000.0,522000000.0,221000000.0,302000000.0,-40000000.0,262000000.0,-70000000.0,84000000.0,14000000.0,357000000.0,882000000.0,,743000000.0,460000000.0,1239000000.0,3617000000.0,4856000000.0,4856000000.0,CON.DE,-24000000.0,,139000000.0,283000000.0,11000000.0,11000000.0,,,,,,,,,,,,,,,,,,,
2025-03-31,16701754.385965,0.397661,658000000.0,204000000.0,278000000.0,3621000000.0,700000000.0,422000000.0,-61000000.0,80000000.0,19000000.0,178701754.385965,68000000.0,4483000000.0,,200000000.0,200000000.0,0.34,0.34,68000000.0,68000000.0,0.0,68000000.0,-3000000.0,71000000.0,-136000000.0,207000000.0,136000000.0,342000000.0,-61000000.0,80000000.0,19000000.0,422000000.0,862000000.0,,713000000.0,471000000.0,1284000000.0,3621000000.0,4905000000.0,4905000000.0,CON.DE,-12000000.0,,149000000.0,242000000.0,42000000.0,42000000.0,,,,,,,,,,,,,,,,,,,
2024-12-31,-6450000.0,0.15,1479000000.0,430000000.0,568000000.0,7762000000.0,1436000000.0,868000000.0,-102000000.0,126000000.0,24000000.0,466550000.0,430000000.0,9757000000.0,,,,,,430000000.0,430000000.0,0.0,430000000.0,-11000000.0,441000000.0,,441000000.0,302000000.0,742000000.0,-102000000.0,126000000.0,24000000.0,337000000.0,1995000000.0,,945000000.0,639000000.0,2332000000.0,7762000000.0,10095000000.0,10095000000.0,CON.DE,548000000.0,,971000000.0,306000000.0,-43000000.0,-43000000.0,,,,,,,,,,,,,,,,,,,
2024-09-30,-3958477.508651,0.304498,956000000.0,390000000.0,275000000.0,3680000000.0,943000000.0,668000000.0,-73000000.0,90000000.0,17000000.0,399041522.491349,486000000.0,4509000000.0,,200000000.0,200000000.0,2.43,2.43,486000000.0,486000000.0,0.0,486000000.0,-11000000.0,497000000.0,96000000.0,401000000.0,176000000.0,578000000.0,-73000000.0,90000000.0,17000000.0,485000000.0,829000000.0,,690000000.0,461000000.0,1314000000.0,3680000000.0,4994000000.0,4994000000.0,CON.DE,135000000.0,,139000000.0,229000000.0,-13000000.0,-13000000.0,,,,,,,,,,,,,,,,,,,
2024-06-30,,,,,,,,,,,,,,,,200657895.0,200657895.0,1.52,1.52,,,,,,,-42000000.0,,,,,,,,,,,,,,,,CON.DE,,,,,,,,,,,,,,,,,,,,,,,,,
2025-06-30,808825.554179,0.260911,919000000.0,508700000.0,125100000.0,987400000.0,922100000.0,797000000.0,-39200000.0,,,506408825.554179,508700000.0,1041700000.0,,,,,,508700000.0,508700000.0,0.0,508700000.0,-28100000.0,536800000.0,,536800000.0,189500000.0,726300000.0,-39200000.0,,,759400000.0,54300000.0,-113000000.0,,,813700000.0,987400000.0,1801100000.0,1801100000.0,DB1.DE,,,,,3100000.0,3100000.0,,,,,,125100000.0,,,125100000.0,,,,,,,,,,
2025-03-31,1650401.176785,0.261968,899700000.0,524900000.0,125800000.0,796100000.0,906000000.0,780200000.0,-38700000.0,,,520250401.176785,524900000.0,1086500000.0,,183531469.0,183531469.0,2.86,2.86,524900000.0,524900000.0,0.0,524900000.0,-27000000.0,551900000.0,,551900000.0,195900000.0,747800000.0,-38700000.0,,,780200000.0,290400000.0,169000000.0,,,1070600000.0,796100000.0,1866700000.0,1866700000.0,DB1.DE,,,,,6300000.0,6300000.0,,,,,,125800000.0,,,125800000.0,,,,,,,,,,
2024-12-31,2910587.075883,0.248768,900800000.0,507400000.0,128600000.0,790000000.0,912500000.0,783900000.0,-18500000.0,,,498610587.075883,507400000.0,1135900000.0,,,,,,507400000.0,507400000.0,0.0,507400000.0,-26300000.0,533600000.0,,533600000.0,176700000.0,710300000.0,-18500000.0,,,721000000.0,345900000.0,-393400000.0,,,1066900000.0,790000000.0,1856900000.0,1856900000.0,DB1.DE,,,,,11700000.0,11700000.0,,,,,,128600000.0,,,128600000.0,,,,,,,,,,
2024-09-30,343319.202387,0.264092,799200000.0,444900000.0,121500000.0,731700000.0,800500000.0,679000000.0,-43400000.0,,,443943319.202387,444900000.0,1025100000.0,,183700000.0,183700000.0,2.42,2.42,444900000.0,444900000.0,0.0,444900000.0,-23800000.0,468700000.0,,468700000.0,168200000.0,636900000.0,-43400000.0,,,679000000.0,293400000.0,178700000.0,,,972400000.0,731700000.0,1704100000.0,1704100000.0,DB1.DE,,,,,1300000.0,1300000.0,,,,,,121500000.0,,,121500000.0,,,,,,,,,,
2024-06-30,0.0,0.237872,888600000.0,498600000.0,128200000.0,930400000.0,888600000.0,760400000.0,-37600000.0,,,498600000.0,498600000.0,1025700000.0,,,,,,498600000.0,498600000.0,0.0,498600000.0,-21400000.0,520000000.0,,520000000.0,162300000.0,682300000.0,-37600000.0,,,720300000.0,95300000.0,-86200000.0,,,815600000.0,930400000.0,1746000000.0,1746000000.0,DB1.DE,,,,,,,,,,,,128200000.0,,,128200000.0,,,,,,,,,,
2024-03-31,,,,,,,,,,,,,,,,184296296.0,184296296.0,2.7,2.7,,,,,,,,,,,,,,,,,,,,,,,DB1.DE,,,,,12500000.0,12500000.0,,,,,,,,,,,,,,,,,,,
2025-09-30,-37700000.0,0.26,,1773000000.0,,,,,3916000000.0,7053000000.0,10969000000.0,1880300000.0,1773000000.0,,,,,,,1564000000.0,1564000000.0,209000000.0,1773000000.0,-46000000.0,1819000000.0,,1819000000.0,626000000.0,2445000000.0,,,,,,,5178000000.0,,,,8024000000.0,8024000000.0,DBK.DE,,,,5178000000.0,-145000000.0,-145000000.0,,,-145000000.0,96000000.0,49000000.0,,,,,0.0,1488000000.0,2247000000.0,2931000000.0,-143000000.0,,,,,
2025-06-30,12600000.0,0.28,,1687000000.0,,,,,3837000000.0,7206000000.0,11043000000.0,1654600000.0,1687000000.0,,,2006800000.0,1968700000.0,0.739984,0.754305,1485000000.0,1485000000.0,202000000.0,1687000000.0,-46000000.0,1733000000.0,,1733000000.0,688000000.0,2421000000.0,,,,,,,4959000000.0,,,,7821000000.0,7821000000.0,DBK.DE,,,,4959000000.0,45000000.0,45000000.0,,,45000000.0,-94000000.0,49000000.0,,,,,0.0,-59000000.0,2065000000.0,2894000000.0,45000000.0,,,,,
2025-03-31,-27260000.0,0.29,,1968000000.0,,,,,3670000000.0,7823000000.0,11493000000.0,2034740000.0,1968000000.0,,,1997700000.0,1951400000.0,0.888522,0.909603,1775000000.0,1775000000.0,193000000.0,1968000000.0,-44000000.0,2012000000.0,,2012000000.0,825000000.0,2837000000.0,,,,,,,5221000000.0,,,,8544000000.0,8544000000.0,DBK.DE,,,,5221000000.0,-94000000.0,-94000000.0,,,-94000000.0,26000000.0,68000000.0,,,,,0.0,1855000000.0,2180000000.0,3041000000.0,-99000000.0,,,,,
2024-12-31,-137100000.0,0.15,,303000000.0,,,,,3657000000.0,8075000000.0,11732000000.0,1079900000.0,303000000.0,,,,,,,199000000.0,199000000.0,104000000.0,303000000.0,-34000000.0,337000000.0,,336000000.0,246000000.0,582000000.0,,,,,,,1517000000.0,,,,7192000000.0,7192000000.0,DBK.DE,,,,1368000000.0,-914000000.0,-914000000.0,,,-914000000.0,628000000.0,286000000.0,,,,,0.0,-4444000000.0,-1539000000.0,2907000000.0,1372000000.0,,,,,
2024-09-30,78520000.0,0.26,,1633000000.0,,,,,3254000000.0,9108000000.0,12362000000.0,1409520000.0,1633000000.0,,,2026200000.0,1980900000.0,0.81,0.82,1461000000.0,1461000000.0,172000000.0,1633000000.0,-32000000.0,1665000000.0,,1665000000.0,597000000.0,2262000000.0,,,,,,,4812000000.0,,,,7481000000.0,7481000000.0,DBK.DE,,,,4812000000.0,302000000.0,302000000.0,,,302000000.0,-344000000.0,42000000.0,,,,,0.0,1452000000.0,1928000000.0,2884000000.0,234000000.0,,,,,
2024-06-30,,,,,,,,,,,,,,,,1998000000.0,1998000000.0,-0.071572,-0.071572,,,,,,,,,,,,,,,,,,,,,,,DBK.DE,,,,,,,,,,,,,,,,,,,,,,,,,
2024-03-31,,,,,,,,,,,,,,,,2058300000.0,2013400000.0,0.619443,0.633257,,,,,,,,,,,,,,,,,,,,,,,DBK.DE,,,,,,,,,,,,,,,,,,,,,,,,,
2025-06-30,0.0,0.299919,2736000000.0,815000000.0,1190000000.0,17836000000.0,2736000000.0,1546000000.0,-217000000.0,319000000.0,102000000.0,815000000.0,815000000.0,18465000000.0,1429000000.0,1131944444.0,1131944444.0,0.72,0.72,815000000.0,815000000.0,0.0,815000000.0,-44000000.0,859000000.0,,859000000.0,368000000.0,1227000000.0,-217000000.0,319000000.0,102000000.0,1361000000.0,629000000.0,1310000000.0,,,1990000000.0,17836000000.0,19826000000.0,19826000000.0,DHL.DE,,,,,,,,,,,,,,,,,,,,,,,,,
2025-03-31,-600000.0,0.3,2713000000.0,786000000.0,1220000000.0,18680000000.0,2711000000.0,1491000000.0,-209000000.0,305000000.0,96000000.0,787400000.0,786000000.0,19435000000.0,1370000000.0,1173251791.0,1151156211.0,0.67,0.68,788000000.0,786000000.0,0.0,786000000.0,-43000000.0,830000000.0,,830000000.0,356000000.0,1186000000.0,-209000000.0,305000000.0,96000000.0,1374000000.0,755000000.0,1347000000.0,,,2129000000.0,18680000000.0,20809000000.0,20809000000.0,DHL.DE,,,,,-2000000.0,-2000000.0,1000000.0,,-2000000.0,,,,,,,,,,,,2000000.0,,,,
2024-12-31,0.0,0.284563,3004000000.0,1097000000.0,1243000000.0,15510000000.0,3004000000.0,1761000000.0,-205000000.0,148000000.0,-65000000.0,1097000000.0,1097000000.0,21352000000.0,1851000000.0,,,,,1099000000.0,1097000000.0,0.0,1097000000.0,-57000000.0,1154000000.0,,1154000000.0,459000000.0,1613000000.0,-205000000.0,148000000.0,-65000000.0,1352000000.0,5842000000.0,-346000000.0,,,7194000000.0,15510000000.0,22704000000.0,22704000000.0,DHL.DE,,,,,,,2000000.0,,,,,,,,,,,,,,,,,,
2024-09-30,0.0,0.3,2601000000.0,751000000.0,1154000000.0,18625000000.0,2601000000.0,1447000000.0,-210000000.0,289000000.0,79000000.0,751000000.0,751000000.0,19268000000.0,1372000000.0,1192063492.0,1173437500.0,0.63,0.64,751000000.0,751000000.0,0.0,751000000.0,-60000000.0,811000000.0,,811000000.0,347000000.0,1158000000.0,-210000000.0,289000000.0,79000000.0,1324000000.0,643000000.0,1373000000.0,,,1967000000.0,18625000000.0,20592000000.0,20592000000.0,DHL.DE,,,,,,,,,,,,,,,,,,,,,,,,,
2024-06-30,0.0,0.299391,2630000000.0,744000000.0,1166000000.0,18585000000.0,2630000000.0,1464000000.0,-207000000.0,315000000.0,108000000.0,744000000.0,744000000.0,19283000000.0,1352000000.0,1180952381.0,1162500000.0,0.63,0.64,744000000.0,744000000.0,0.0,744000000.0,-61000000.0,805000000.0,,805000000.0,344000000.0,1149000000.0,-207000000.0,315000000.0,108000000.0,1356000000.0,698000000.0,1305000000.0,,,2054000000.0,18585000000.0,20639000000.0,20639000000.0,DHL.DE,,,,,,,,,,,,,,,,,,,,,,,,,
2024-03-31,,,,,,,,,,,,,,,,1195867757.0,1172904251.0,0.62,0.63,,,,,,,,,,,,,,,,,,,,,,,DHL.DE,,,,,-1000000.0,-1000000.0,1000000.0,,-1000000.0,,,,,,,,,,,,1000000.0,,,,
2025-09-30,-191405146.096816,0.197122,13055000000.0,2427000000.0,5918000000.0,10802000000.0,12084000000.0,6166000000.0,-1280000000.0,1580000000.0,323000000.0,3206594853.903184,2427000000.0,21937000000.0,6027000000.0,4864000000.0,4864000000.0,0.5,0.5,2427000000.0,2427000000.0,0.0,2427000000.0,-1255000000.0,3682000000.0,,3682000000.0,904000000.0,4586000000.0,-1280000000.0,1580000000.0,323000000.0,6817000000.0,11135000000.0,558000000.0,,,17952000000.0,10802000000.0,28754000000.0,28754000000.0,DTE.DE,,23000000.0,,,-971000000.0,-971000000.0,,,-971000000.0,,,5918000000.0,,,5918000000.0,,,,,,971000000.0,,,,
2025-06-30,-70973154.362416,0.236577,13056000000.0,2615000000.0,5764000000.0,10640000000.0,12756000000.0,6992000000.0,-1302000000.0,1628000000.0,339000000.0,2844026845.637584,2615000000.0,21730000000.0,6642000000.0,4881000000.0,4881000000.0,0.54,0.54,2615000000.0,2615000000.0,0.0,2615000000.0,-1481000000.0,4095000000.0,,4095000000.0,1269000000.0,5364000000.0,-1302000000.0,1628000000.0,339000000.0,6770000000.0,11090000000.0,931000000.0,,,17860000000.0,10640000000.0,28500000000.0,28500000000.0,DTE.DE,,13000000.0,,,-300000000.0,-300000000.0,,,-300000000.0,,,5764000000.0,,,5764000000.0,,,,,,300000000.0,,,,
2025-03-31,-59991280.56078,0.259703,13780000000.0,2845000000.0,6013000000.0,11009000000.0,13549000000.0,7536000000.0,-1333000000.0,1687000000.0,360000000.0,3016008719.43922,2845000000.0,22760000000.0,6766000000.0,4894000000.0,4894000000.0,0.58,0.58,2845000000.0,2845000000.0,0.0,2845000000.0,-1485000000.0,4330000000.0,,4330000000.0,1519000000.0,5849000000.0,-1333000000.0,1687000000.0,360000000.0,6806000000.0,11751000000.0,785000000.0,150000000.0,,18557000000.0,11009000000.0,29566000000.0,29566000000.0,DTE.DE,,6000000.0,,150000000.0,-231000000.0,-231000000.0,,,-231000000.0,-135000000.0,,6013000000.0,,,6013000000.0,,,,,,366000000.0,,,,
2024-12-31,521583955.673332,0.208384,13716000000.0,4182000000.0,6127000000.0,13154000000.0,16219000000.0,10092000000.0,-1200000000.0,1790000000.0,413000000.0,2200583955.673332,4182000000.0,24773000000.0,8474000000.0,,,,,4182000000.0,4182000000.0,0.0,4182000000.0,-2389000000.0,6571000000.0,0.0,6571000000.0,1730000000.0,8302000000.0,-1200000000.0,1790000000.0,413000000.0,86936000000.0,11619000000.0,731000000.0,155000000.0,,98555000000.0,13154000000.0,111709000000.0,111709000000.0,DTE.DE,,,,155000000.0,2503000000.0,2503000000.0,,,2302000000.0,-203000000.0,,6002000000.0,,,-627000000.0,,,,,,-2224000000.0,,,,
2024-09-30,-62184853.277104,0.223687,13466000000.0,2957000000.0,5830000000.0,10558000000.0,13188000000.0,7358000000.0,-1624000000.0,1667000000.0,386000000.0,3172815146.722896,2957000000.0,22085000000.0,6137000000.0,4927000000.0,4927000000.0,0.6,0.6,2957000000.0,2957000000.0,0.0,2957000000.0,-1461000000.0,4418000000.0,0.0,4418000000.0,1273000000.0,5691000000.0,-1624000000.0,1667000000.0,386000000.0,6263000000.0,11527000000.0,1316000000.0,,,17790000000.0,10558000000.0,28348000000.0,28348000000.0,DTE.DE,,343000000.0,,,-278000000.0,-278000000.0,,,-278000000.0,,,5830000000.0,,,5830000000.0,,,,,,278000000.0,,,,
2024-06-30,,,,,,,,,,,,,,,,4948000000.0,4948000000.0,0.42,0.42,,,,,,,0.0,,,,,,,,,,,,,,,,DTE.DE,,-98000000.0,,,,,,,,,,,,,,,,,,,,,,,
2024-03-31,,,,,,,,,,,,,,,,,,,,,,,,,,0.0,,,,,,,,,,171000000.0,,,,,,DTE.DE,,,,171000000.0,,,,,,-18000000.0,,,,,,,,,,,,,,,
2025-06-30,0.0,0.392,760000000.0,212000000.0,275000000.0,9543000000.0,760000000.0,485000000.0,-11000000.0,82000000.0,90000000.0,212000000.0,277000000.0,11222000000.0,,769000000.0,769000000.0,0.36,0.36,277000000.0,277000000.0,0.0,277000000.0,-33000000.0,310000000.0,65000000.0,245000000.0,158000000.0,403000000.0,-11000000.0,82000000.0,90000000.0,452000000.0,1679000000.0,77000000.0,1100000000.0,582000000.0,2131000000.0,9543000000.0,11674000000.0,11674000000.0,DTG.DE,,19000000.0,727000000.0,518000000.0,,,,,,,,,,,,,,,,,,,,,
2025-03-31,0.0,0.279,1481000000.0,770000000.0,294000000.0,9715000000.0,1481000000.0,1187000000.0,47000000.0,79000000.0,107000000.0,770000000.0,770000000.0,11360000000.0,,778000000.0,778000000.0,0.99,0.99,770000000.0,770000000.0,0.0,770000000.0,-28000000.0,799000000.0,,799000000.0,309000000.0,1108000000.0,47000000.0,79000000.0,107000000.0,1090000000.0,1645000000.0,39000000.0,1262000000.0,715000000.0,2735000000.0,9715000000.0,12450000000.0,12450000000.0,DTG.DE,,-19000000.0,492000000.0,547000000.0,,,,,,,,,,,,,,,,,,,,,
2024-12-31,0.0,0.15,1059000000.0,747000000.0,309000000.0,11549000000.0,1059000000.0,750000000.0,-2000000.0,212000000.0,110000000.0,747000000.0,747000000.0,13524000000.0,,,,,,747000000.0,747000000.0,0.0,747000000.0,-56000000.0,803000000.0,,803000000.0,-265000000.0,538000000.0,-2000000.0,212000000.0,110000000.0,826000000.0,1975000000.0,178000000.0,1455000000.0,778000000.0,2801000000.0,11549000000.0,14350000000.0,14350000000.0,DTG.DE,,-100000000.0,503000000.0,677000000.0,,,,,,,,,,,,,,,,,,,,,
2024-09-30,0.0,0.339,1185000000.0,547000000.0,284000000.0,9808000000.0,1185000000.0,901000000.0,75000000.0,47000000.0,121000000.0,547000000.0,610000000.0,11358000000.0,,793000000.0,793000000.0,0.77,0.77,610000000.0,610000000.0,0.0,610000000.0,-17000000.0,627000000.0,,565000000.0,289000000.0,854000000.0,75000000.0,47000000.0,121000000.0,820000000.0,1550000000.0,86000000.0,1279000000.0,798000000.0,2370000000.0,9808000000.0,12177000000.0,12177000000.0,DTG.DE,,-1000000.0,370000000.0,481000000.0,,,,,,,,,,,,,,,,,,,,,
2024-06-30,0.0,0.304,1388000000.0,699000000.0,280000000.0,9841000000.0,1388000000.0,1108000000.0,68000000.0,36000000.0,96000000.0,699000000.0,742000000.0,11244000000.0,,802000000.0,802000000.0,0.93,0.93,742000000.0,742000000.0,0.0,742000000.0,-47000000.0,789000000.0,43000000.0,746000000.0,326000000.0,1072000000.0,68000000.0,36000000.0,96000000.0,1181000000.0,1403000000.0,61000000.0,1090000000.0,658000000.0,2584000000.0,9841000000.0,12425000000.0,12425000000.0,DTG.DE,,-8000000.0,405000000.0,432000000.0,,,,,,,,,,,,,,,,,,,,,
2024-03-31,,,,,,,,,,,,,,,,804000000.0,804000000.0,1.0,1.0,,,,,,,,,,,,,,,,,,,,,,,DTG.DE,,,,,,,,,,,,,,,,,,,,,,,,,
2025-09-30,0.0,0.213333,770000000.0,168000000.0,415000000.0,8760000000.0,770000000.0,355000000.0,17000000.0,55000000.0,71000000.0,168000000.0,168000000.0,10149000000.0,283000000.0,874700000.0,874700000.0,0.19,0.19,168000000.0,168000000.0,0.0,168000000.0,-68000000.0,236000000.0,,236000000.0,64000000.0,300000000.0,17000000.0,55000000.0,71000000.0,278000000.0,1389000000.0,107000000.0,983000000.0,,1667000000.0,8760000000.0,10428000000.0,10428000000.0,ENR.DE,,-1000000.0,320000000.0,983000000.0,,,,,,,,,,,,,,,,,,,,,
2025-06-30,0.0,0.176123,1311000000.0,615000000.0,365000000.0,8205000000.0,1311000000.0,946000000.0,-63000000.0,100000000.0,66000000.0,615000000.0,615000000.0,9329000000.0,909000000.0,878571429.0,867495000.0,0.7,0.71,615000000.0,615000000.0,0.0,615000000.0,-82000000.0,697000000.0,,697000000.0,149000000.0,846000000.0,-63000000.0,100000000.0,66000000.0,417000000.0,1124000000.0,,851000000.0,,1541000000.0,8205000000.0,9745000000.0,9745000000.0,ENR.DE,,29000000.0,291000000.0,851000000.0,,,,,,,,,,,,,,,,,,,,,
2025-03-31,0.0,0.170248,1301000000.0,434000000.0,631000000.0,7990000000.0,1301000000.0,670000000.0,49000000.0,65000000.0,65000000.0,434000000.0,434000000.0,9423000000.0,557000000.0,,,,,434000000.0,434000000.0,0.0,434000000.0,-68000000.0,501000000.0,,502000000.0,103000000.0,605000000.0,49000000.0,65000000.0,65000000.0,539000000.0,1433000000.0,278000000.0,906000000.0,,1972000000.0,7990000000.0,9962000000.0,9962000000.0,ENR.DE,,-49000000.0,290000000.0,906000000.0,,,,,,,,,,,,,,,,,,,,,
2024-12-31,0.0,0.15,904000000.0,198000000.0,370000000.0,7543000000.0,904000000.0,534000000.0,62000000.0,72000000.0,63000000.0,198000000.0,198000000.0,8606000000.0,399000000.0,864330000.0,864330000.0,0.23,0.23,198000000.0,198000000.0,0.0,198000000.0,-53000000.0,252000000.0,,251000000.0,211000000.0,462000000.0,62000000.0,72000000.0,63000000.0,336000000.0,1063000000.0,16000000.0,752000000.0,,1399000000.0,7543000000.0,8942000000.0,8942000000.0,ENR.DE,,-71000000.0,310000000.0,752000000.0,,,,,,,,,,,,,,,,,,,,,
2024-09-30,0.0,0.15,429000000.0,-292000000.0,433000000.0,8660000000.0,429000000.0,-4000000.0,109000000.0,65000000.0,68000000.0,-292000000.0,-292000000.0,9931000000.0,-178000000.0,862791000.0,862791000.0,-0.34,-0.34,-292000000.0,-292000000.0,0.0,-292000000.0,-39000000.0,-254000000.0,,-253000000.0,184000000.0,-69000000.0,109000000.0,65000000.0,68000000.0,-190000000.0,1271000000.0,42000000.0,911000000.0,,1081000000.0,8660000000.0,9741000000.0,9741000000.0,ENR.DE,,-106000000.0,362000000.0,911000000.0,,,,,,,,,,,,,,,,,,,,,
2024-06-30,,,,,,,,,,,,,,,,862759000.0,862759000.0,-0.16,-0.16,,,,,,,,,,,,,,,,,,,,,,,ENR.DE,,,,,,,,,,,,,,,,,,,,,,,,,
2024-03-31,,,,,,,,,,,,,,,,,,,,,,,,,,,,,,,,,,,-1000000.0,,,,,,,ENR.DE,,,,,,,,,,,,,,,,,,,,,,,,,
2025-09-30,-13442682.0,0.187,925405000.0,274797000.0,357855000.0,3642632000.0,853519000.0,495664000.0,-73937000.0,93096000.0,19159000.0,333240318.0,274797000.0,4383131000.0,476505000.0,,,,,274797000.0,274797000.0,,274797000.0,-52546000.0,327343000.0,,327343000.0,75225000.0,402568000.0,-73937000.0,93096000.0,19159000.0,501719000.0,740499000.0,-2689000.0,705440000.0,186122000.0,1242218000.0,3642632000.0,4884850000.0,4884850000.0,FME.DE,,,37748000.0,519318000.0,-71886000.0,-71886000.0,,-25214000.0,-54923000.0,,,,,,,,-16963000.0,519318000.0,,,,-4103000.0,-50820000.0,46672000.0,
2025-06-30,0.0,0.223,823000000.0,225000000.0,376000000.0,3577000000.0,823000000.0,447000000.0,-75000000.0,97000000.0,22000000.0,225000000.0,225000000.0,4412000000.0,425000000.0,293413449.0,293413449.0,0.77,0.77,225000000.0,225000000.0,,225000000.0,-47000000.0,272000000.0,,272000000.0,78000000.0,350000000.0,-75000000.0,97000000.0,22000000.0,380000000.0,835000000.0,5000000.0,792000000.0,184252000.0,1215000000.0,3577000000.0,4792000000.0,4792000000.0,FME.DE,,,38000000.0,607727000.0,-14293000.0,-14293000.0,,45000000.0,-6010000.0,,,,,,,,-8283000.0,607727000.0,,,,2483000.0,-8493000.0,45000000.0,
2025-03-31,-23953724.0,0.244,838902000.0,151221000.0,394363000.0,3697476000.0,740731000.0,346368000.0,-80737000.0,95715000.0,14978000.0,225438276.0,151221000.0,4499726000.0,331390000.0,293413449.0,293413449.0,0.52,0.52,151221000.0,151221000.0,,151221000.0,-38387000.0,189608000.0,,189608000.0,61045000.0,250653000.0,-80737000.0,95715000.0,14978000.0,381728000.0,802250000.0,8082000.0,750686000.0,190493000.0,1183978000.0,3697476000.0,4881454000.0,4881454000.0,FME.DE,,,43482000.0,560193000.0,-98171000.0,-98171000.0,,-50338000.0,-23304000.0,,,,,,,,-74867000.0,560193000.0,,,,1125000.0,-24429000.0,47833000.0,
2024-12-31,0.0,0.33934,280970000.0,66913000.0,,3814257000.0,280970000.0,280970000.0,-79469000.0,101044000.0,21575000.0,66913000.0,66913000.0,4647529000.0,259395000.0,293413449.0,293413449.0,0.23,0.23,66913000.0,66913000.0,,66913000.0,-51957000.0,118870000.0,,118870000.0,61056000.0,179926000.0,-79469000.0,101044000.0,21575000.0,437380000.0,833272000.0,-57040000.0,839819000.0,,1270652000.0,3814257000.0,5084909000.0,5084909000.0,FME.DE,,,50493000.0,,,,,-177985000.0,,,,,,,,,,,,,,,,31875000.0,
2024-09-30,18817876.0,0.214,391696000.0,213027000.0,366256000.0,3614078000.0,479630000.0,479630000.0,-82170000.0,99104000.0,16934000.0,143910876.0,213027000.0,4426648000.0,462696000.0,293413449.0,293413449.0,0.73,0.73,213027000.0,213027000.0,,213027000.0,-50965000.0,263992000.0,,263992000.0,116534000.0,380526000.0,-82170000.0,99104000.0,16934000.0,333514000.0,812570000.0,16377000.0,756146000.0,200325000.0,1146084000.0,3614078000.0,4760162000.0,4760162000.0,FME.DE,,,40047000.0,555821000.0,87934000.0,87934000.0,,129182000.0,82801000.0,,,,,,,,5133000.0,555821000.0,,,,8250000.0,74551000.0,41248000.0,
2024-06-30,,,,,387000000.0,,,,,,,,,,,293413449.0,293413449.0,0.64,0.64,,,,,,,,,,,,,,,,,,190974000.0,,,,,FME.DE,,,,580492000.0,18699000.0,18699000.0,,,-20414000.0,,,,,,,,39113000.0,580492000.0,,,,2670000.0,-23084000.0,,
2025-06-30,0.0,0.297,828000000.0,332000000.0,268000000.0,4123000000.0,828000000.0,560000000.0,-107000000.0,,,332000000.0,330000000.0,5021000000.0,560000000.0,568965517.0,568965517.0,0.58,0.58,330000000.0,330000000.0,0.0,330000000.0,-13000000.0,343000000.0,-2000000.0,345000000.0,146000000.0,491000000.0,-107000000.0,,,560000000.0,898000000.0,,740000000.0,,1458000000.0,4123000000.0,5581000000.0,5581000000.0,FRE.DE,,21000000.0,164000000.0,740000000.0,,,,,,,,,,,,,,,,,,,,,
2025-03-31,0.0,0.229,949000000.0,456000000.0,262000000.0,4240000000.0,949000000.0,687000000.0,-94000000.0,,,456000000.0,229000000.0,4964000000.0,687000000.0,563237277.0,563237277.0,0.41,0.41,229000000.0,229000000.0,0.0,229000000.0,-15000000.0,244000000.0,-227000000.0,471000000.0,140000000.0,611000000.0,-94000000.0,,,687000000.0,724000000.0,,643000000.0,,1411000000.0,4240000000.0,5651000000.0,5651000000.0,FRE.DE,,13000000.0,140000000.0,643000000.0,,,,,,,,,,,,,,,,,,,,,
2024-12-31,0.0,0.32419,948000000.0,273000000.0,326000000.0,4215000000.0,948000000.0,622000000.0,-96000000.0,,,273000000.0,240000000.0,5161000000.0,469000000.0,,,,,240000000.0,240000000.0,0.0,240000000.0,2000000.0,238000000.0,-33000000.0,271000000.0,130000000.0,401000000.0,-96000000.0,,,469000000.0,946000000.0,,733000000.0,,1415000000.0,4215000000.0,5630000000.0,5630000000.0,FRE.DE,,,177000000.0,36000000.0,,,,,,,,,,,,,,,,,,,,,
2024-09-30,0.0,0.231,776000000.0,301000000.0,284000000.0,4003000000.0,776000000.0,492000000.0,-116000000.0,,,301000000.0,326000000.0,4874000000.0,492000000.0,562068966.0,562068966.0,0.58,0.58,326000000.0,326000000.0,0.0,326000000.0,-18000000.0,344000000.0,25000000.0,319000000.0,96000000.0,415000000.0,-116000000.0,,,492000000.0,871000000.0,,701000000.0,,1363000000.0,4003000000.0,5366000000.0,5366000000.0,FRE.DE,,,170000000.0,701000000.0,,,,,,,,,,,,,,,,,,,,,
2024-06-30,0.0,0.15,884000000.0,440000000.0,325000000.0,4015000000.0,884000000.0,559000000.0,-109000000.0,,,440000000.0,-373000000.0,4881000000.0,559000000.0,565151515.0,565151515.0,-0.66,-0.66,-373000000.0,-373000000.0,0.0,-373000000.0,202000000.0,-575000000.0,-813000000.0,238000000.0,213000000.0,451000000.0,-109000000.0,,,559000000.0,866000000.0,,720000000.0,,1425000000.0,4015000000.0,5440000000.0,5440000000.0,FRE.DE,,,155000000.0,720000000.0,,,,,,,,,,,,,,,,,,,,,
2024-03-31,,,,,,,,,,115000000.0,,,,,,563237277.0,563237277.0,0.49,0.49,,,,,,,,,,,,115000000.0,,,,6000000.0,,,,,,,FRE.DE,,,,,,,,,,,,,,,,,,,,,,,,,
2025-09-30,-248444.0,0.266,231203000.0,122345000.0,52635000.0,856077000.0,230269000.0,177634000.0,-6006000.0,10927000.0,3394000.0,123030556.0,120786000.0,1194963000.0,,162800000.0,162800000.0,0.74,0.74,120786000.0,120786000.0,0.0,120786000.0,0.0,120786000.0,-1559000.0,122345000.0,44362000.0,166707000.0,-6006000.0,10927000.0,3394000.0,170974000.0,338886000.0,,312274000.0,151052000.0,509860000.0,856077000.0,1365937000.0,1365937000.0,G1A.DE,2673000.0,-1527000.0,26612000.0,161222000.0,-934000.0,-934000.0,,,-934000.0,,,,,,,,,,,,934000.0,,,,
2025-06-30,-1601415.0,0.285,216293000.0,102800000.0,53882000.0,811437000.0,210674000.0,156792000.0,-9464000.0,13013000.0,2807000.0,106817585.0,107028000.0,1159840000.0,,162800000.0,162800000.0,0.66,0.66,107028000.0,107028000.0,0.0,107028000.0,0.0,107028000.0,4228000.0,102800000.0,40979000.0,143779000.0,-9464000.0,13013000.0,2807000.0,151949000.0,348403000.0,,318279000.0,157746000.0,500352000.0,811437000.0,1311789000.0,1311789000.0,G1A.DE,6913000.0,-742000.0,30124000.0,160533000.0,-5619000.0,-5619000.0,,,-5619000.0,,,,,,,,,,,,5619000.0,,,,
2025-03-31,-94608.0,0.292,195292000.0,93035000.0,50593000.0,783955000.0,194968000.0,144375000.0,-7020000.0,12984000.0,4033000.0,93264392.0,94341000.0,1125283000.0,,164100000.0,164100000.0,0.57,0.57,94341000.0,94341000.0,0.0,94341000.0,0.0,94341000.0,1306000.0,93035000.0,38356000.0,131391000.0,-7020000.0,12984000.0,4033000.0,133158000.0,341328000.0,,313983000.0,154911000.0,474486000.0,783955000.0,1258441000.0,1258441000.0,G1A.DE,5577000.0,-1931000.0,27345000.0,159072000.0,-324000.0,-324000.0,,,-324000.0,,,,,,,,,,,,324000.0,,,,
2024-12-31,9511184.091699,0.254957,176476000.0,96541000.0,67259000.0,973901000.0,213916000.0,146657000.0,-22736000.0,17102000.0,4630000.0,68747184.091699,83706000.0,1367262000.0,,,,,,83706000.0,83706000.0,0.0,83706000.0,17000.0,83689000.0,-12835000.0,96524000.0,33031000.0,129555000.0,-22736000.0,17102000.0,4630000.0,140510000.0,393361000.0,,355641000.0,180843000.0,533871000.0,973901000.0,1507772000.0,1507772000.0,G1A.DE,1366000.0,10264000.0,37720000.0,174798000.0,37440000.0,37305000.0,,,15746000.0,,,,,,,,,,,,1605000.0,,,,
2024-09-30,-28044.0,0.228,210775000.0,115349000.0,51580000.0,859770000.0,210652000.0,159072000.0,-5788000.0,9641000.0,1432000.0,115443956.0,112018000.0,1194541000.0,,166500000.0,166500000.0,0.67,0.67,112018000.0,112018000.0,0.0,112018000.0,0.0,112018000.0,-3331000.0,115349000.0,34082000.0,149431000.0,-5788000.0,9641000.0,1432000.0,155308000.0,334771000.0,,309991000.0,151737000.0,490079000.0,859770000.0,1349849000.0,1349849000.0,G1A.DE,34000.0,-2421000.0,24780000.0,158254000.0,-123000.0,-123000.0,,,-123000.0,,,,,,,,,,,,123000.0,,,,
2024-06-30,,,,,,,,,,,,,,,,168400000.0,168400000.0,0.59,0.59,,,,,,,,,,,,,,,,,,,,,,,G1A.DE,,,,,,,,,,,,,,,,,,,,,,,,,
2025-06-30,0.0,0.298495,75144000.0,39024000.0,12120000.0,891000.0,75144000.0,63024000.0,-6119000.0,7395000.0,1276000.0,39024000.0,39024000.0,98846000.0,,72293830.0,72293830.0,0.54,0.54,39024000.0,39024000.0,0.0,39024000.0,0.0,39024000.0,,39024000.0,16605000.0,55629000.0,-6119000.0,7395000.0,1276000.0,61749000.0,97955000.0,21874000.0,10417000.0,10417000.0,159704000.0,891000.0,160595000.0,160595000.0,G24.DE,,,,,,,,,,,,12120000.0,,,12120000.0,,,,,,,,,,
2025-03-31,,,,,,,,,,,,,,,,72463768.0,72463768.0,0.69,0.69,,,,,,,,,,,,,,,,,,,,,,,G24.DE,,,,,,,,,,,,,,,,,,,,,,,,,
2024-06-30,0.0,0.297408,71829000.0,34406000.0,13903000.0,-541000.0,71829000.0,57926000.0,-8351000.0,8936000.0,585000.0,34406000.0,34406000.0,81975000.0,,73296056.0,73296056.0,0.47,0.47,34406000.0,34406000.0,0.0,34406000.0,-14000.0,34420000.0,,34420000.0,14570000.0,48990000.0,-8351000.0,8936000.0,585000.0,57544000.0,82516000.0,19003000.0,10021000.0,10021000.0,140060000.0,-541000.0,139519000.0,139519000.0,G24.DE,,,,,,,,,,,,13903000.0,,,13903000.0,,,,,,,,,,
2025-09-30,0.0,0.051354,,650800000.0,,,,738300000.0,-21700000.0,21700000.0,,650800000.0,650800000.0,5080900000.0,,120518519.0,120518519.0,5.4,5.4,650800000.0,650800000.0,,650800000.0,-29000000.0,679800000.0,,679800000.0,36800000.0,716600000.0,-21700000.0,21700000.0,,,,170100000.0,,,,,5797600000.0,5797600000.0,HNR1.DE,,,,,,,,-136500000.0,,,,,,4635600000.0,,,,,,,,,,,
2025-06-30,0.0,0.188204,,833500000.0,,,,1065300000.0,-26000000.0,26000000.0,,833500000.0,833500000.0,3839900000.0,,120622287.0,120622287.0,6.91,6.91,833500000.0,833500000.0,,833500000.0,-10300000.0,843800000.0,,843700000.0,195600000.0,1039300000.0,-26000000.0,26000000.0,,,,143800000.0,,,,,4879300000.0,4879300000.0,HNR1.DE,,,,,,,,-1223100000.0,,,,,,5009800000.0,,,,,,,,,,,
2025-03-31,0.0,0.265951,,480500000.0,,,,696500000.0,-25700000.0,25700000.0,,480500000.0,480500000.0,5547700000.0,,120728643.0,120728643.0,3.98,3.98,480500000.0,480500000.0,,480500000.0,-11900000.0,492400000.0,,492400000.0,178400000.0,670800000.0,-25700000.0,25700000.0,,,,128300000.0,,,,,6218500000.0,6218500000.0,HNR1.DE,,,,,,,,-568700000.0,,,,,,6495500000.0,,,,,,,,,,,
2024-12-31,0.0,0.35477,,504300000.0,,,,917200000.0,-31400000.0,74400000.0,,504300000.0,504300000.0,-16488900000.0,,,,,,504300000.0,504300000.0,,504300000.0,-39400000.0,543700000.0,,543800000.0,299000000.0,842800000.0,-31400000.0,74400000.0,,,,153000000.0,,,,,-15646200000.0,-15646200000.0,HNR1.DE,,,,,,,,390100000.0,,,,,,-13853600000.0,,,,,,,,,,,
2024-09-30,0.0,0.094591,,663300000.0,,,,791000000.0,-25600000.0,25600000.0,,663300000.0,663300000.0,4932000000.0,,120600000.0,120600000.0,5.5,5.5,663300000.0,663300000.0,,663300000.0,-29800000.0,693000000.0,,693000000.0,72400000.0,765400000.0,-25600000.0,25600000.0,,,,168500000.0,,,,,5697300000.0,5697300000.0,HNR1.DE,,,,,,,,-625300000.0,,,,,,5783700000.0,,,,,,,,,,,
2024-06-30,,,,,,,,,,,,,,,,120600000.0,120600000.0,5.0,5.0,,,,,,,,,,,,,,,,,,,,,,,HNR1.DE,,,,,,,,,,,,,,,,,,,,,,,,,
2025-06-30,0.0,0.244845,909000000.0,293000000.0,463000000.0,2189000000.0,909000000.0,446000000.0,-40000000.0,58000000.0,18000000.0,293000000.0,305000000.0,3280000000.0,424000000.0,1308000000.0,1302000000.0,0.23,0.23,305000000.0,305000000.0,0.0,305000000.0,,305000000.0,12000000.0,293000000.0,95000000.0,388000000.0,-40000000.0,58000000.0,18000000.0,424000000.0,1091000000.0,129000000.0,410000000.0,410000000.0,1515000000.0,2189000000.0,3704000000.0,3704000000.0,IFX.DE,,,560000000.0,,,,,,,,,,,,,,,,,,,,,,
2025-03-31,0.0,0.215017,823000000.0,230000000.0,483000000.0,2199000000.0,823000000.0,340000000.0,-28000000.0,47000000.0,19000000.0,230000000.0,232000000.0,3271000000.0,319000000.0,,,,,232000000.0,232000000.0,0.0,232000000.0,,232000000.0,2000000.0,230000000.0,63000000.0,293000000.0,-28000000.0,47000000.0,19000000.0,319000000.0,1072000000.0,159000000.0,376000000.0,,1391000000.0,2199000000.0,3590000000.0,3590000000.0,IFX.DE,,,559000000.0,376000000.0,,,,,,,,,,,,,,,,,,,,,
2024-12-31,0.0,0.19802,834000000.0,243000000.0,487000000.0,2081000000.0,834000000.0,347000000.0,-17000000.0,44000000.0,27000000.0,243000000.0,246000000.0,3106000000.0,318000000.0,1305000000.0,1299000000.0,0.18,0.18,246000000.0,246000000.0,0.0,246000000.0,,246000000.0,3000000.0,243000000.0,60000000.0,303000000.0,-17000000.0,44000000.0,27000000.0,318000000.0,1025000000.0,149000000.0,395000000.0,,1343000000.0,2081000000.0,3424000000.0,3424000000.0,IFX.DE,,,544000000.0,395000000.0,,,,,,,,,,,,,,,,,,,,,
2024-09-30,0.0,0.142857,970000000.0,384000000.0,473000000.0,2343000000.0,970000000.0,497000000.0,-26000000.0,49000000.0,-8000000.0,384000000.0,-83000000.0,3446000000.0,473000000.0,1304000000.0,1299000000.0,-0.07,-0.07,-112000000.0,-112000000.0,29000000.0,-83000000.0,,-83000000.0,-467000000.0,384000000.0,64000000.0,448000000.0,-26000000.0,49000000.0,-8000000.0,473000000.0,1103000000.0,245000000.0,393000000.0,393000000.0,1576000000.0,2343000000.0,3919000000.0,3919000000.0,IFX.DE,,,476000000.0,,,,,,,,,,,,,,,,,,,,,,
2024-06-30,0.0,0.178862,1013000000.0,404000000.0,470000000.0,2212000000.0,1013000000.0,543000000.0,-30000000.0,51000000.0,21000000.0,404000000.0,403000000.0,3183000000.0,519000000.0,1304000000.0,1299000000.0,0.3,0.3,403000000.0,403000000.0,0.0,403000000.0,,403000000.0,-1000000.0,404000000.0,88000000.0,492000000.0,-30000000.0,51000000.0,21000000.0,519000000.0,971000000.0,83000000.0,390000000.0,390000000.0,1490000000.0,2212000000.0,3702000000.0,3702000000.0,IFX.DE,,,509000000.0,,,,,,,,,,,,,,,,,,,,,,
2024-03-31,,,,,,,,,,,,,,,,,,,,,,,,,,,,,,,,,,,,,,,,,,IFX.DE,,,,375000000.0,,,,,,,,,,,,,,,,,,,,,
2025-09-30,1800000.0,0.2,1697000000.0,902000000.0,458000000.0,2105000000.0,1706000000.0,1248000000.0,-99000000.0,126000000.0,27000000.0,894800000.0,902000000.0,4106000000.0,1221000000.0,435748792.0,435748792.0,2.07,2.07,902000000.0,902000000.0,0.0,902000000.0,4000000.0,898000000.0,,898000000.0,225000000.0,1122000000.0,-99000000.0,126000000.0,27000000.0,1212000000.0,2001000000.0,191000000.0,1460000000.0,1128000000.0,3213000000.0,2105000000.0,5318000000.0,5318000000.0,MRK.DE,,,660000000.0,332000000.0,9000000.0,9000000.0,,,9000000.0,,,,,,,,,,,,-9000000.0,,,,
2025-06-30,-209891.435464,0.209891,1366000000.0,652000000.0,457000000.0,2228000000.0,1365000000.0,908000000.0,-62000000.0,79000000.0,17000000.0,652790108.564536,652000000.0,4363000000.0,891000000.0,434777878.0,434777878.0,1.5,1.5,652000000.0,652000000.0,0.0,652000000.0,-3000000.0,655000000.0,,655000000.0,174000000.0,829000000.0,-62000000.0,79000000.0,17000000.0,892000000.0,2135000000.0,212000000.0,1476000000.0,1122000000.0,3027000000.0,2228000000.0,5255000000.0,5255000000.0,MRK.DE,,,539000000.0,354000000.0,-1000000.0,-1000000.0,,,-1000000.0,,,,,,,,,,,,1000000.0,,,,
2025-03-31,-220000.0,0.22,1508000000.0,735000000.0,473000000.0,2135000000.0,1507000000.0,1034000000.0,-50000000.0,78000000.0,28000000.0,735780000.0,735000000.0,4272000000.0,1006000000.0,434911243.0,434911243.0,1.69,1.69,735000000.0,735000000.0,0.0,735000000.0,-3000000.0,738000000.0,,738000000.0,218000000.0,956000000.0,-50000000.0,78000000.0,28000000.0,1008000000.0,2137000000.0,163000000.0,1467000000.0,1112000000.0,3145000000.0,2135000000.0,5280000000.0,5280000000.0,MRK.DE,,,551000000.0,355000000.0,-1000000.0,-1000000.0,,,-1000000.0,,,,,,,,,,,,1000000.0,,,,
2024-12-31,-68702101.359703,0.173053,1816000000.0,667000000.0,551000000.0,2319000000.0,1419000000.0,868000000.0,-46000000.0,59000000.0,24000000.0,995297898.640297,667000000.0,4221000000.0,824000000.0,,,,,667000000.0,667000000.0,0.0,667000000.0,-3000000.0,669000000.0,,668000000.0,140000000.0,809000000.0,-46000000.0,59000000.0,24000000.0,1197000000.0,1902000000.0,-373000000.0,1049000000.0,634000000.0,3099000000.0,2319000000.0,5418000000.0,5418000000.0,MRK.DE,,,527000000.0,415000000.0,-397000000.0,-397000000.0,,,-403000000.0,,,,,,,,,,,,7000000.0,,,,
2024-09-30,-444000.0,0.222,1583000000.0,809000000.0,449000000.0,2122000000.0,1581000000.0,1132000000.0,-54000000.0,89000000.0,35000000.0,810556000.0,809000000.0,4167000000.0,1097000000.0,434946237.0,434946237.0,1.86,1.86,809000000.0,809000000.0,0.0,809000000.0,-3000000.0,812000000.0,,812000000.0,231000000.0,1043000000.0,-54000000.0,89000000.0,35000000.0,1099000000.0,2045000000.0,153000000.0,1410000000.0,1101000000.0,3144000000.0,2122000000.0,5266000000.0,5266000000.0,MRK.DE,,,524000000.0,309000000.0,-2000000.0,-2000000.0,,,-2000000.0,,,,,,,,,,,,2000000.0,,,,
2024-06-30,,,,,,,,,,,,,,,,434777878.0,434777878.0,1.4,1.4,,,,,,,,,,,,,,,,,,,,,,,MRK.DE,,,,,,,,,,,,,,,,,,,,,,,,,
2025-09-30,0.0,0.172862,2004000000.0,846000000.0,576000000.0,2484000000.0,2004000000.0,1428000000.0,54000000.0,352000000.0,406000000.0,846000000.0,846000000.0,2320000000.0,,723076923.0,723076923.0,1.17,1.17,846000000.0,846000000.0,0.0,846000000.0,-44000000.0,890000000.0,,890000000.0,186000000.0,1076000000.0,54000000.0,352000000.0,406000000.0,887000000.0,-164000000.0,632000000.0,,,723000000.0,2484000000.0,3207000000.0,3207000000.0,RWE.DE,,,,,,,,,,,,536000000.0,,,536000000.0,,,,,,,,,,
2025-06-30,0.0,0.06275,2494000000.0,663000000.0,532000000.0,2899000000.0,2494000000.0,1962000000.0,38000000.0,1213000000.0,1251000000.0,663000000.0,663000000.0,3035000000.0,,728571429.0,728571429.0,0.91,0.91,663000000.0,663000000.0,0.0,663000000.0,-39000000.0,702000000.0,,702000000.0,47000000.0,749000000.0,38000000.0,1213000000.0,1251000000.0,637000000.0,136000000.0,562000000.0,,,773000000.0,2899000000.0,3672000000.0,3672000000.0,RWE.DE,,,,,,,,,,,,523000000.0,,,523000000.0,,,,,,,,,,
2025-03-31,0.0,0.05,2147000000.0,791000000.0,476000000.0,4843000000.0,2147000000.0,1643000000.0,-82000000.0,756000000.0,674000000.0,791000000.0,791000000.0,5630000000.0,,737319000.0,737319000.0,1.07,1.07,791000000.0,791000000.0,0.0,791000000.0,-51000000.0,842000000.0,,842000000.0,45000000.0,887000000.0,-82000000.0,756000000.0,674000000.0,756000000.0,787000000.0,442000000.0,,,1543000000.0,4843000000.0,6386000000.0,6386000000.0,RWE.DE,,,,,,,,,,,,504000000.0,,,504000000.0,,,,,,,,,,
2024-12-31,0.0,0.15,1057000000.0,-34000000.0,1723000000.0,4368000000.0,1057000000.0,-683000000.0,285000000.0,-902000000.0,-954000000.0,-34000000.0,-34000000.0,10639000000.0,,,,,,-34000000.0,-34000000.0,0.0,-34000000.0,-67000000.0,33000000.0,,33000000.0,186000000.0,219000000.0,285000000.0,-902000000.0,-954000000.0,-2369000000.0,6271000000.0,-1621000000.0,,,3902000000.0,4368000000.0,8270000000.0,8270000000.0,RWE.DE,,,,,,,,,,,,1740000000.0,,,1202000000.0,,,,,,,,,,
2024-09-30,0.0,0.083841,2623000000.0,1172000000.0,473000000.0,3622000000.0,2623000000.0,2122000000.0,-394000000.0,810000000.0,416000000.0,1172000000.0,1172000000.0,3160000000.0,,741772152.0,741772152.0,1.58,1.58,1172000000.0,1172000000.0,0.0,1172000000.0,-30000000.0,1202000000.0,,1202000000.0,110000000.0,1312000000.0,-394000000.0,810000000.0,416000000.0,1582000000.0,-462000000.0,397000000.0,,,1120000000.0,3622000000.0,4742000000.0,4742000000.0,RWE.DE,,,,,,,,,,,,501000000.0,,,501000000.0,,,,,,,,,,
2024-06-30,,,,,,,,,,,,,,,,744250871.0,744250871.0,2.87,2.87,,,,,,,,,,,,,,,,,,,,,,,RWE.DE,,,,,,,,,,,,,,,,,,,,,,,,,
2025-06-30,0.0,0.24,1210000000.0,552000000.0,370000000.0,3481000000.0,1210000000.0,840000000.0,4000000.0,104000000.0,25000000.0,552000000.0,552000000.0,4930000000.0,,1126530612.0,1126530612.0,0.49,0.49,552000000.0,552000000.0,0.0,552000000.0,-4000000.0,556000000.0,,556000000.0,180000000.0,736000000.0,4000000.0,104000000.0,25000000.0,732000000.0,1449000000.0,10000000.0,947000000.0,,2181000000.0,3481000000.0,5662000000.0,5662000000.0,SHL.DE,,-83000000.0,493000000.0,947000000.0,,,,,,,,,,,,,,,,,,,,,
2025-03-31,0.0,0.265753,1146000000.0,530000000.0,312000000.0,3586000000.0,1146000000.0,834000000.0,-111000000.0,104000000.0,25000000.0,530000000.0,530000000.0,5065000000.0,,,,,,530000000.0,530000000.0,0.0,530000000.0,-6000000.0,537000000.0,,536000000.0,194000000.0,730000000.0,-111000000.0,104000000.0,25000000.0,844000000.0,1479000000.0,7000000.0,991000000.0,,2323000000.0,3586000000.0,5909000000.0,5909000000.0,SHL.DE,,32000000.0,485000000.0,991000000.0,,,,,,,,,,,,,,,,,,,,,
2024-12-31,0.0,0.22,1030000000.0,474000000.0,305000000.0,3330000000.0,1030000000.0,725000000.0,-81000000.0,108000000.0,31000000.0,474000000.0,474000000.0,4785000000.0,,1128571429.0,1128571429.0,0.42,0.42,474000000.0,474000000.0,0.0,474000000.0,-4000000.0,478000000.0,,479000000.0,138000000.0,617000000.0,-81000000.0,108000000.0,31000000.0,697000000.0,1455000000.0,5000000.0,973000000.0,,2152000000.0,3330000000.0,5482000000.0,5482000000.0,SHL.DE,,4000000.0,481000000.0,973000000.0,,,,,,,,,,,,,,,,,,,,,
2024-09-30,0.0,0.26,1295000000.0,616000000.0,309000000.0,3921000000.0,1295000000.0,986000000.0,-99000000.0,142000000.0,29000000.0,616000000.0,616000000.0,5383000000.0,,1120000000.0,1120000000.0,0.55,0.55,616000000.0,616000000.0,0.0,616000000.0,-7000000.0,624000000.0,,623000000.0,221000000.0,844000000.0,-99000000.0,142000000.0,29000000.0,946000000.0,1462000000.0,8000000.0,962000000.0,,2408000000.0,3921000000.0,6329000000.0,6329000000.0,SHL.DE,,-14000000.0,496000000.0,962000000.0,,,,,,,,,,,,,,,,,,,,,
2024-06-30,0.0,0.205042,1005000000.0,469000000.0,294000000.0,3333000000.0,1005000000.0,711000000.0,-84000000.0,116000000.0,27000000.0,469000000.0,469000000.0,4744000000.0,,1116666667.0,1116666667.0,0.42,0.42,469000000.0,469000000.0,0.0,469000000.0,-4000000.0,472000000.0,,473000000.0,122000000.0,595000000.0,-84000000.0,116000000.0,27000000.0,679000000.0,1411000000.0,14000000.0,918000000.0,,2090000000.0,3333000000.0,5423000000.0,5423000000.0,SHL.DE,,-5000000.0,484000000.0,918000000.0,,,,,,,,,,,,,,,,,,,,,
2025-06-30,0.0,0.231142,4230000000.0,2025000000.0,890000000.0,11840000000.0,4230000000.0,3340000000.0,241000000.0,450000000.0,670000000.0,2025000000.0,2046000000.0,16763000000.0,,793023256.0,785203000.0,2.58,2.61,2046000000.0,2046000000.0,0.0,2046000000.0,-197000000.0,2243000000.0,21000000.0,2222000000.0,668000000.0,2890000000.0,241000000.0,450000000.0,670000000.0,2614000000.0,4923000000.0,64000000.0,3571000000.0,,7537000000.0,11840000000.0,19377000000.0,19377000000.0,SIE.DE,,-21000000.0,1650000000.0,3571000000.0,,,,,,,,,,,,,,,,,,,,,
2025-03-31,0.0,0.231012,4343000000.0,2252000000.0,800000000.0,12088000000.0,4343000000.0,3543000000.0,249000000.0,370000000.0,706000000.0,2252000000.0,2251000000.0,17089000000.0,,,,,,2251000000.0,2251000000.0,0.0,2251000000.0,-189000000.0,2439000000.0,-1000000.0,2441000000.0,733000000.0,3173000000.0,249000000.0,370000000.0,706000000.0,2668000000.0,5001000000.0,118000000.0,3659000000.0,,7669000000.0,12088000000.0,19757000000.0,19757000000.0,SIE.DE,,87000000.0,1620000000.0,3659000000.0,,,,,,,,,,,,,,,,,,,,,
2024-12-31,0.0,0.243595,3541000000.0,1638000000.0,774000000.0,11264000000.0,3541000000.0,2767000000.0,228000000.0,386000000.0,747000000.0,1638000000.0,3705000000.0,16289000000.0,,795064378.0,786025000.0,4.66,4.71,3705000000.0,3705000000.0,0.0,3705000000.0,-163000000.0,3868000000.0,2067000000.0,1801000000.0,580000000.0,2381000000.0,228000000.0,386000000.0,747000000.0,2064000000.0,5025000000.0,85000000.0,3500000000.0,,7089000000.0,11264000000.0,18353000000.0,18353000000.0,SIE.DE,,133000000.0,1545000000.0,3500000000.0,,,,,,,,,,,,,,,,,,,,,
2024-09-30,0.0,0.250431,4187000000.0,1961000000.0,813000000.0,12885000000.0,4187000000.0,3374000000.0,199000000.0,471000000.0,714000000.0,1961000000.0,1900000000.0,18159000000.0,,798319328.0,786513000.0,2.38,2.42,1900000000.0,1900000000.0,0.0,1900000000.0,-215000000.0,2115000000.0,-61000000.0,2176000000.0,727000000.0,2903000000.0,199000000.0,471000000.0,714000000.0,2652000000.0,5274000000.0,93000000.0,3671000000.0,,7926000000.0,12885000000.0,20811000000.0,20811000000.0,SIE.DE,,44000000.0,1651000000.0,3671000000.0,,,,,,,,,,,,,,,,,,,,,
2024-06-30,0.0,0.243338,4076000000.0,2005000000.0,777000000.0,11152000000.0,4076000000.0,3299000000.0,200000000.0,447000000.0,703000000.0,2005000000.0,1980000000.0,16287000000.0,,798387097.0,789181000.0,2.48,2.51,1980000000.0,1980000000.0,0.0,1980000000.0,-154000000.0,2133000000.0,-25000000.0,2158000000.0,694000000.0,2852000000.0,200000000.0,447000000.0,703000000.0,2613000000.0,5135000000.0,139000000.0,3571000000.0,,7748000000.0,11152000000.0,18900000000.0,18900000000.0,SIE.DE,,56000000.0,1561000000.0,3571000000.0,,,,,,,,,,,,,,,,,,,,,
2025-09-30,-870000.0,0.15,671400000.0,2284500000.0,29700000.0,544800000.0,665600000.0,635900000.0,-154200000.0,160700000.0,19000000.0,2289430000.0,2345300000.0,806500000.0,,837607143.0,837607143.0,2.8,2.8,2345300000.0,2345300000.0,0.0,2345300000.0,-252100000.0,2597400000.0,60800000.0,2536600000.0,-2061400000.0,475200000.0,-154200000.0,160700000.0,19000000.0,535700000.0,261700000.0,85600000.0,,,797400000.0,544800000.0,1342200000.0,1342200000.0,VNA.DE,,12500000.0,,,-5800000.0,-5800000.0,,,-6200000.0,,,29700000.0,,,29700000.0,,,,,,6200000.0,,,,
2025-06-30,-2002717.127608,0.294517,1096600000.0,305800000.0,367500000.0,673400000.0,1089800000.0,722300000.0,-290800000.0,310100000.0,20900000.0,310597282.872392,310800000.0,1375800000.0,,817894737.0,817894737.0,0.38,0.38,310800000.0,310800000.0,0.0,310800000.0,15000000.0,295800000.0,5000000.0,290800000.0,121400000.0,412200000.0,-290800000.0,310100000.0,20900000.0,-23100000.0,702400000.0,171400000.0,,,679300000.0,673400000.0,1352700000.0,1352700000.0,VNA.DE,,1600000.0,,,-6800000.0,-6800000.0,,,-7200000.0,,,367500000.0,,,367500000.0,,,,,,7200000.0,,,,
2025-03-31,-2520000.0,0.15,589300000.0,480600000.0,34500000.0,1340600000.0,572500000.0,538000000.0,-249300000.0,199200000.0,18300000.0,494880000.0,491600000.0,1626500000.0,,819333333.0,819333333.0,0.6,0.6,491600000.0,491600000.0,0.0,491600000.0,-23800000.0,515400000.0,11000000.0,504400000.0,-165600000.0,338800000.0,-249300000.0,199200000.0,18300000.0,-263600000.0,285900000.0,89300000.0,,,22300000.0,1340600000.0,1362900000.0,1362900000.0,VNA.DE,,68400000.0,,,-16800000.0,-16800000.0,,,-7700000.0,,,34500000.0,,,34500000.0,,,,,,7700000.0,,,,
2024-12-31,-28620000.0,0.15,305800000.0,-401900000.0,4400000.0,1490200000.0,115000000.0,85400000.0,-253900000.0,186800000.0,10000000.0,-239720000.0,-349300000.0,1856400000.0,,,,,,-349300000.0,-349300000.0,0.0,-349300000.0,20900000.0,-370200000.0,52600000.0,-422800000.0,321400000.0,-101400000.0,-253900000.0,186800000.0,10000000.0,87000000.0,366200000.0,-175100000.0,,,453200000.0,1490200000.0,1943400000.0,1943400000.0,VNA.DE,,77100000.0,,,-190800000.0,-190800000.0,,,-90000000.0,,,29600000.0,,,29600000.0,,,,,,177400000.0,,,,
2024-09-30,-24060000.0,0.15,564400000.0,-69100000.0,45100000.0,743700000.0,404000000.0,358900000.0,-294200000.0,272600000.0,,67240000.0,-74000000.0,1116000000.0,,822222222.0,822222222.0,-0.09,-0.09,-74000000.0,-74000000.0,0.0,-74000000.0,-11100000.0,-62900000.0,-4900000.0,-58000000.0,144300000.0,86300000.0,-294200000.0,272600000.0,,287700000.0,372300000.0,90900000.0,,,660000000.0,743700000.0,1403700000.0,1403700000.0,VNA.DE,,21600000.0,,,-160400000.0,-160400000.0,,,-162300000.0,,,29600000.0,,,29600000.0,,,,,,162300000.0,,,,
2024-06-30,,,,,,,,,,,35900000.0,,,,,820105263.0,820105263.0,-0.95,-0.95,,,,,,,,,,,,,35900000.0,,,,,,,,,,VNA.DE,,,,,,,,,,,,,,,,,,,,,,,,,
2025-06-30,0.0,0.30869,12133000000.0,2335000000.0,8298000000.0,67204000000.0,12133000000.0,3835000000.0,-716000000.0,,,2335000000.0,2335000000.0,76971000000.0,3834000000.0,501295263.0,501295263.0,4.34,4.34,2175000000.0,2175000000.0,160000000.0,2335000000.0,44000000.0,2291000000.0,,2291000000.0,1023000000.0,3314000000.0,-716000000.0,,,3835000000.0,9767000000.0,1042000000.0,8725000000.0,5455000000.0,13602000000.0,67204000000.0,80806000000.0,80806000000.0,VOW3.DE,,,,3270000000.0,,,,,,,,,,,,,,,,,,,,,
2025-03-31,-118752010.292699,0.29688,11473000000.0,1982000000.0,7798000000.0,64758000000.0,11073000000.0,3275000000.0,116000000.0,,,2263247989.707301,1982000000.0,74284000000.0,2873000000.0,501295263.0,501295263.0,3.69,3.69,1831000000.0,1831000000.0,151000000.0,1982000000.0,-204000000.0,2186000000.0,,2186000000.0,923000000.0,3109000000.0,116000000.0,,,3275000000.0,9526000000.0,757000000.0,8769000000.0,5425000000.0,12801000000.0,64758000000.0,77559000000.0,77559000000.0,VOW3.DE,,,,3344000000.0,-400000000.0,-400000000.0,,,-400000000.0,,400000000.0,,,,,,,,,,,,,,
2024-12-31,0.0,0.187719,15961000000.0,3286000000.0,8614000000.0,70290000000.0,15961000000.0,7347000000.0,-332000000.0,,,3286000000.0,3286000000.0,78619000000.0,6153000000.0,,,,,3131000000.0,3131000000.0,155000000.0,3286000000.0,-191000000.0,3477000000.0,,3479000000.0,804000000.0,4283000000.0,-332000000.0,,,8759000000.0,8329000000.0,3464000000.0,9700000000.0,6313000000.0,17088000000.0,70290000000.0,87378000000.0,87378000000.0,VOW3.DE,,,,3387000000.0,,,,,,,,,,,,,,,,,,,,,0.0
2024-09-30,0.0,0.331617,10967000000.0,1348000000.0,8134000000.0,65440000000.0,10967000000.0,2833000000.0,-919000000.0,,,1348000000.0,1348000000.0,75645000000.0,2833000000.0,501295263.0,501295263.0,2.38,2.38,1193000000.0,1193000000.0,155000000.0,1348000000.0,-210000000.0,1558000000.0,,1558000000.0,773000000.0,2331000000.0,-919000000.0,,,2833000000.0,10205000000.0,1954000000.0,8251000000.0,5497000000.0,13038000000.0,65440000000.0,78478000000.0,78478000000.0,VOW3.DE,,,,2754000000.0,,,,,,,,,,,,,,,,,,,,,0.0
2024-06-30,0.0,0.271605,12770000000.0,3238000000.0,7343000000.0,67591000000.0,12770000000.0,5427000000.0,-293000000.0,,,3238000000.0,3238000000.0,77912000000.0,5427000000.0,501295263.0,501295263.0,6.15,6.15,3081000000.0,3081000000.0,157000000.0,3238000000.0,-361000000.0,3599000000.0,,3599000000.0,1342000000.0,4941000000.0,-293000000.0,,,5427000000.0,10321000000.0,1653000000.0,8668000000.0,5411000000.0,15748000000.0,67591000000.0,83339000000.0,83339000000.0,VOW3.DE,,,,3257000000.0,,,,,,,,,,,,,,,,,,,,,0.0
2024-03-31,,,,,,,,,,,,,,,,501295263.0,501295263.0,6.49,6.49,,,,,,,,,,,,,,,,,,,,,,,VOW3.DE,,,,,,,,,,,,,,,,,,,,,,,,,0.0
2025-09-30,0.0,0.15,163300000.0,14800000.0,107800000.0,1825400000.0,163300000.0,55500000.0,-11600000.0,18000000.0,5300000.0,14800000.0,14800000.0,2971500000.0,,246666667.0,246666667.0,0.06,0.06,14800000.0,14800000.0,0.0,14800000.0,2300000.0,12500000.0,,12500000.0,25000000.0,37500000.0,-11600000.0,18000000.0,5300000.0,49100000.0,1146100000.0,747800000.0,411200000.0,280500000.0,1195200000.0,1825400000.0,3020600000.0,3020600000.0,ZAL.DE,,-1100000.0,,130700000.0,,,,,,,,,,,,,,,,,,,,,
2025-06-30,0.0,0.336082,248300000.0,96600000.0,84400000.0,1677700000.0,248300000.0,163900000.0,200000.0,18400000.0,10800000.0,96600000.0,96600000.0,2689900000.0,,263100000.0,260300000.0,0.37,0.37,96600000.0,96600000.0,0.0,96600000.0,,96600000.0,,96600000.0,48900000.0,145500000.0,200000.0,18400000.0,10800000.0,145200000.0,1012200000.0,643400000.0,375200000.0,247000000.0,1157400000.0,1677700000.0,2835100000.0,2835100000.0,ZAL.DE,,-7800000.0,,128200000.0,,,,,,,,,,,,,,,,,,,,,
2025-03-31,0.0,0.15,123200000.0,9900000.0,87100000.0,1473300000.0,123200000.0,36100000.0,-3400000.0,18200000.0,14900000.0,9900000.0,9900000.0,2398000000.0,,247500000.0,247500000.0,0.04,0.04,9900000.0,9900000.0,0.0,9900000.0,,9900000.0,,9900000.0,8000000.0,17900000.0,-3400000.0,18200000.0,14900000.0,21500000.0,924700000.0,592900000.0,335500000.0,209900000.0,946200000.0,1473300000.0,2419500000.0,2419500000.0,ZAL.DE,,100000.0,,125600000.0,,,,,,,,,,,,,,,,,,,,,
2024-12-31,0.0,0.316239,303800000.0,120000000.0,105200000.0,1925200000.0,303800000.0,198600000.0,8500000.0,23100000.0,19700000.0,120000000.0,120000000.0,3132700000.0,,,,,,120000000.0,120000000.0,0.0,120000000.0,,120000000.0,,120000000.0,55500000.0,175500000.0,8500000.0,23100000.0,19700000.0,166800000.0,1207500000.0,724600000.0,489900000.0,342200000.0,1374300000.0,1925200000.0,3299500000.0,3299500000.0,ZAL.DE,,-11900000.0,,147700000.0,,,,,,,,,,,,,,,,,,,,,
2024-09-30,0.0,0.22007,165200000.0,44300000.0,84200000.0,1416700000.0,165200000.0,81000000.0,-12700000.0,24200000.0,17800000.0,44300000.0,44300000.0,2319100000.0,,260588235.0,260588235.0,0.17,0.17,44300000.0,44300000.0,0.0,44300000.0,0.0,44300000.0,,44300000.0,12500000.0,56800000.0,-12700000.0,24200000.0,17800000.0,69400000.0,902400000.0,575800000.0,332700000.0,216700000.0,971800000.0,1416700000.0,2388500000.0,2388500000.0,ZAL.DE,-567400000.0,6300000.0,,116000000.0,,,,,,,,,,,,,,,,,,,,,
2024-06-30,,,,,,,,,,,,,,,154700000.0,261600000.0,259100000.0,0.37,0.37,,,,,,,,,,,,,,,,,,,,,,,ZAL.DE,,,,,,,,,,,,,,,,,,,,,,,,,
